<?xml version="1.0" encoding="UTF-8"?>

<mule xmlns:http="http://www.mulesoft.org/schema/mule/http" xmlns="http://www.mulesoft.org/schema/mule/core"
	xmlns:doc="http://www.mulesoft.org/schema/mule/documentation"
	xmlns:xsi="http://www.w3.org/2001/XMLSchema-instance" xsi:schemaLocation="http://www.mulesoft.org/schema/mule/core http://www.mulesoft.org/schema/mule/core/current/mule.xsd
http://www.mulesoft.org/schema/mule/http http://www.mulesoft.org/schema/mule/http/current/mule-http.xsd">
	<http:listener-config name="HTTP_Listener_config" doc:name="HTTP Listener config" doc:id="d7c586eb-ba4c-4028-ae78-67257c2890c2" >
		<http:listener-connection host="0.0.0.0" port="8081" />
	</http:listener-config>
	<http:request-config name="HTTP_Request_configuration" doc:name="HTTP Request configuration" doc:id="e17c8d70-d587-4b14-b22c-6aded3911cd3" >
		<http:request-connection host="localhost" port="8081" />
	</http:request-config>
	<flow name="goodbye" doc:id="eb42aeb7-8c16-457c-9d7e-af35d9b4ffa3" >
		<http:listener doc:name="GET /goodbye" doc:id="d532fba8-8576-4a5a-a3e0-26790fc31250" config-ref="HTTP_Listener_config" path="/goodbye" allowedMethods="GET"/>
		<set-payload value="#[upper('Goodbye') ++ ' ' ++ (attributes.queryParams.fullName default 'Maxine')]" doc:name="Goodbye" doc:id="ca8c8e32-20e8-4390-a5e1-1cea4958c41b" />
		<logger level="INFO" doc:name="fullName" doc:id="d020ce02-63b0-44ef-b7a3-1eba14ba10ec" message="#[attributes.queryParams.fullName]"/>
	</flow>
	<flow name="helloFlow" doc:id="25d8768f-07bb-4070-9bce-d2c85ecf6a48" >
		<http:listener doc:name="GET /hello" doc:id="9436894c-724c-4303-b383-e639da0b4221" config-ref="HTTP_Listener_config" path="/hello" allowedMethods="GET">
			<http:response reasonPhrase="Success">
				<http:headers ><![CDATA[#[output application/java
---
{
	"name" : vars.firstName
}]]]></http:headers>
			</http:response>
		</http:listener>
		<set-variable value="#[attributes.queryParams.fname]" doc:name="firstName" doc:id="fccce98f-7993-4103-aeb2-f268bf4912b4" variableName="firstName"/>
		<set-payload value="Hello" doc:name="Hello" doc:id="50121f8d-de04-4b3d-8631-8a20f957c85a" />
		<http:request method="GET" doc:name="GET /goodbye" doc:id="05981a11-c5c7-4101-bba6-666169041ef8" path="/goodbye" config-ref="HTTP_Request_configuration" responseTimeout="300000" sendCorrelationId="NEVER">
			<http:query-params ><![CDATA[#[output application/java
---
{
	"fullName" : attributes.queryParams.fname
}]]]></http:query-params>
		</http:request>
		<logger level="INFO" doc:name="Payload" doc:id="d77eda2b-4cca-4762-9a66-649c62d0d523" message="#['\n Messages' ++ payload]"/>
	</flow>
</mule>
